-- MySQL dump 10.13  Distrib 5.7.9, for Win64 (x86_64)
--
-- Host: localhost    Database: hohoda
-- ------------------------------------------------------
-- Server version	5.7.11-log

/*!40101 SET @OLD_CHARACTER_SET_CLIENT=@@CHARACTER_SET_CLIENT */;
/*!40101 SET @OLD_CHARACTER_SET_RESULTS=@@CHARACTER_SET_RESULTS */;
/*!40101 SET @OLD_COLLATION_CONNECTION=@@COLLATION_CONNECTION */;
/*!40101 SET NAMES utf8 */;
/*!40103 SET @OLD_TIME_ZONE=@@TIME_ZONE */;
/*!40103 SET TIME_ZONE='+00:00' */;
/*!40014 SET @OLD_UNIQUE_CHECKS=@@UNIQUE_CHECKS, UNIQUE_CHECKS=0 */;
/*!40014 SET @OLD_FOREIGN_KEY_CHECKS=@@FOREIGN_KEY_CHECKS, FOREIGN_KEY_CHECKS=0 */;
/*!40101 SET @OLD_SQL_MODE=@@SQL_MODE, SQL_MODE='NO_AUTO_VALUE_ON_ZERO' */;
/*!40111 SET @OLD_SQL_NOTES=@@SQL_NOTES, SQL_NOTES=0 */;

--
-- Table structure for table `candidate`
--

DROP TABLE IF EXISTS `candidate`;
/*!40101 SET @saved_cs_client     = @@character_set_client */;
/*!40101 SET character_set_client = utf8 */;
CREATE TABLE `candidate` (
  `id` varchar(36) NOT NULL,
  `user_id` varchar(36) DEFAULT NULL,
  `course_id` varchar(36) DEFAULT NULL,
  `description` text,
  `created_at` decimal(13,0) DEFAULT NULL,
  `updated_at` decimal(13,0) DEFAULT NULL,
  PRIMARY KEY (`id`),
  KEY `fk_proposal_profile_idx` (`user_id`),
  KEY `fk_proposal_course_idx` (`course_id`)
) ENGINE=InnoDB DEFAULT CHARSET=utf8;
/*!40101 SET character_set_client = @saved_cs_client */;

--
-- Dumping data for table `candidate`
--

LOCK TABLES `candidate` WRITE;
/*!40000 ALTER TABLE `candidate` DISABLE KEYS */;
INSERT INTO `candidate` VALUES ('0555de1e-2b98-11e6-9234-0123456789ab','915cf7de-232e-11e6-9234-0123456789ab','d402fe7e-23b2-11e6-9234-0123456789ab',NULL,1465184260591,1465184260591),('a44b8aae-23b5-11e6-9234-0123456789ab','wl1','d402fe7e-23b2-11e6-9234-0123456789ab',NULL,1464317373384,1464317373384),('b8f276de-2bc6-11e6-9234-0123456789ab','915cf7de-232e-11e6-9234-0123456789ab','4e6b318e-2bc6-11e6-9234-0123456789ab',NULL,1465204318779,1465204318779),('f6b56d7e-2bc5-11e6-9234-0123456789ab','915cf7de-232e-11e6-9234-0123456789ab','dce9b00e-2bc4-11e6-9234-0123456789ab',NULL,1465203992901,1465203992901),('f93a95be-2b99-11e6-9234-0123456789ab','915cf7de-232e-11e6-9234-0123456789ab','ef8785ae-2b99-11e6-9234-0123456789ab',NULL,1465185099273,1465185099273);
/*!40000 ALTER TABLE `candidate` ENABLE KEYS */;
UNLOCK TABLES;

--
-- Table structure for table `conversation`
--

DROP TABLE IF EXISTS `conversation`;
/*!40101 SET @saved_cs_client     = @@character_set_client */;
/*!40101 SET character_set_client = utf8 */;
CREATE TABLE `conversation` (
  `id` varchar(36) NOT NULL,
  `member_one` varchar(36) DEFAULT NULL,
  `member_two` varchar(36) DEFAULT NULL,
  `created_at` decimal(13,0) DEFAULT NULL,
  `updated_at` decimal(13,0) DEFAULT NULL,
  PRIMARY KEY (`id`),
  KEY `fk_member_one_idx` (`member_one`),
  KEY `fk_member_two_idx` (`member_two`),
  CONSTRAINT `fk_member_one` FOREIGN KEY (`member_one`) REFERENCES `profile` (`user_id`) ON DELETE CASCADE ON UPDATE CASCADE,
  CONSTRAINT `fk_member_two` FOREIGN KEY (`member_two`) REFERENCES `profile` (`user_id`) ON DELETE CASCADE ON UPDATE CASCADE
) ENGINE=InnoDB DEFAULT CHARSET=utf8;
/*!40101 SET character_set_client = @saved_cs_client */;

--
-- Dumping data for table `conversation`
--

LOCK TABLES `conversation` WRITE;
/*!40000 ALTER TABLE `conversation` DISABLE KEYS */;
INSERT INTO `conversation` VALUES ('01dc7d6e-2356-11e6-9234-0123456789ab','915cf7de-232e-11e6-9234-0123456789ab','wl1',1464276298676,1464276306368),('0f86befe-1aa8-11e6-9234-0123456789ab','wl2','wl3',1463321979869,1463321979869),('2ae5ad4e-2bc5-11e6-9234-0123456789ab','915cf7de-232e-11e6-9234-0123456789ab','wl2',1465203650962,1465203656775),('40d12c5e-234c-11e6-9234-0123456789ab','915cf7de-232e-11e6-9234-0123456789ab','wl3',1464272109331,1464272109331),('d0844dde-2b9b-11e6-9234-0123456789ab','915cf7de-232e-11e6-9234-0123456789ab','e8d99ffe-232d-11e6-9234-0123456789ab',1465185889963,1465186739388),('d3f40b4e-1aa7-11e6-9234-0123456789ab','wl2','wl1',1463321879922,1464197326916);
/*!40000 ALTER TABLE `conversation` ENABLE KEYS */;
UNLOCK TABLES;

--
-- Table structure for table `course`
--

DROP TABLE IF EXISTS `course`;
/*!40101 SET @saved_cs_client     = @@character_set_client */;
/*!40101 SET character_set_client = utf8 */;
CREATE TABLE `course` (
  `id` varchar(36) NOT NULL,
  `owner_id` varchar(36) NOT NULL,
  `price` varchar(100) DEFAULT NULL,
  `title` text,
  `description` text,
  `start_date` decimal(13,0) DEFAULT NULL,
  `lat` varchar(45) DEFAULT NULL,
  `lng` varchar(45) DEFAULT NULL,
  `address` text,
  `duration` text,
  `course_type` tinyint(1) DEFAULT NULL COMMENT '0: per month\n1: per a period time',
  `schedule` varchar(255) DEFAULT NULL,
  `created_at` decimal(13,0) DEFAULT NULL,
  `updated_at` decimal(13,0) DEFAULT NULL,
  `status` tinyint(1) DEFAULT NULL COMMENT '0: Pending\n1: Opened\n2. Closed',
  PRIMARY KEY (`id`),
  KEY `fk_course_profile_idx` (`owner_id`)
) ENGINE=InnoDB DEFAULT CHARSET=utf8;
/*!40101 SET character_set_client = @saved_cs_client */;

--
-- Dumping data for table `course`
--

LOCK TABLES `course` WRITE;
/*!40000 ALTER TABLE `course` DISABLE KEYS */;
INSERT INTO `course` VALUES ('0630dd8e-1abd-11e6-9234-0123456789ab','wl2','400','Cần tìm người luyện thi đại học','',0,'16.0771156','108.1484066','193 Nguyễn Lương Bằng, Liên Chiểu, Da Nang, Vietnam','',0,'',1463330983639,1463330983639,1),('0e560d8e-2bc7-11e6-9234-0123456789ab','915cf7de-232e-11e6-9234-0123456789ab','800','Cần tìm người dạy vật lý','',1466424001123,'21.023472','105.844033','90 Trần Hưng Đạo, Hanoi, Vietnam','',0,'3-5-7/week',1465204462038,1465204462038,1),('2d401a3e-1abd-11e6-9234-0123456789ab','wl3','300','Cần tìm 1 designer kèm học','',0,'16.072126','108.207426','93 Trần Cao Vân, Da Nang, Vietnam','',0,'tối 3-5-7 / tuần',1463331049169,1463331049169,1),('2ddf14ae-2355-11e6-9234-0123456789ab','915cf7de-232e-11e6-9234-0123456789ab','800','Cần tìm người dạy thiết kế web','',0,'16.0798568','108.2182467','90 Lý Thường Kiệt, Đà Nẵng, Da Nang, Vietnam','',0,'',1464275943016,1464275943016,1),('4518e31e-2b9a-11e6-9234-0123456789ab','915cf7de-232e-11e6-9234-0123456789ab','300','Tìm người luyện thi đại học','',0,'0','0','','',0,'',1465185226559,1465185226559,1),('48eb5cfe-2b9c-11e6-9234-0123456789ab','915cf7de-232e-11e6-9234-0123456789ab','300','Cần tìm người dạy toán cấp 2','',0,'0','0','','',0,'',1465186091965,1465186091965,1),('4cd2a14e-2230-11e6-9234-0123456789ab','wl1','300','Can tim 1 gia su toan cap 2','',0,'0','0','','',0,'',1464150152403,1464150152403,1),('4e6b318e-2bc6-11e6-9234-0123456789ab','e8d99ffe-232d-11e6-9234-0123456789ab','800','Tìm người dạy toán cấp 3','',1465204141136,'0','0','','',0,'',1465204140054,1465204140054,1),('715fa4be-2b98-11e6-9234-0123456789ab','915cf7de-232e-11e6-9234-0123456789ab','300','Cần tìn người dạy toán cấp 2','',0,'0','0','','',0,'',1465184441849,1465184441849,2),('ac721f2e-21c4-11e6-9234-0123456789ab','wl2','800','Cần người dạy adobe','',1464696043119,'0','0','','3 months',1,'3-5-7/week',1464103927184,1464103927184,1),('b05dfa2e-2b9a-11e6-9234-0123456789ab','e8d99ffe-232d-11e6-9234-0123456789ab','800','Cần tìm người dạy hóa cấp 2','Ưu tiên sinh viên bách khoa',1465992040753,'16.0580133','108.1660571','346 Tôn Đức Thắng, Liên Chiểu, Da Nang, Vietnam','',0,'3-5-7/week',1465185406528,1465185406528,1),('cba4140e-2bc6-11e6-9234-0123456789ab','e8d99ffe-232d-11e6-9234-0123456789ab','800','Tìm người dạy toán cấp 3','',0,'0','0','','',0,'',1465204350142,1465204350142,1),('d16cd1ee-1aac-11e6-9234-0123456789ab','wl2','300','Cần tìm người dạy photoshop','Ưu tiên sinh viên',1464436826063,'16.060001','108.212754','125 Nguyễn Văn Linh, Da Nang, Vietnam','2 tuần',1,'Thứ 7, chủ nhật',1463324023164,1463324023164,1),('d402fe7e-23b2-11e6-9234-0123456789ab','e8d99ffe-232d-11e6-9234-0123456789ab','800','Cần tim giáo viên luyện thi đại học','Ưu tiên gia sư có kinh nghiệm',1464868808724,'16.069742','108.224019','90 Trần Phú, Đà Nẵng, Vietnam','',0,'3-5-7/per week',1464316164949,1464316164949,1),('dce9b00e-2bc4-11e6-9234-0123456789ab','e8d99ffe-232d-11e6-9234-0123456789ab','800','Cần tìm người dạy toán cấp 2','',1466424047702,'16.0727571','108.2101283','25 Trần Cao Vân, Đà Nẵng, Da Nang, Vietnam','',0,'2-4-6/week',1465203520126,1465203520126,1),('e583ab9e-2b9b-11e6-9234-0123456789ab','e8d99ffe-232d-11e6-9234-0123456789ab','800','Cần tìm người dạy toán cấp 1','Ưu tiên sinh viên bách khoa',1466424011837,'16.060001','108.212754','125 Nguyễn Văn Linh, Đà Nẵng, Da Nang, Vietnam','',0,'2-4-6/week',1465185925191,1465185925191,1),('ef8785ae-2b99-11e6-9234-0123456789ab','e8d99ffe-232d-11e6-9234-0123456789ab','300','Cần tìm người luyện thi đại học','Ưu tiên sinh viên bách khoa',1467288017158,'16.0666319','108.192086','90 Hà Huy Tập, Đà Nẵng, Da Nang, Vietnam','',0,'3-5-7/week',1465185083000,1465185083000,1);
/*!40000 ALTER TABLE `course` ENABLE KEYS */;
UNLOCK TABLES;

--
-- Table structure for table `course_hashtag`
--

DROP TABLE IF EXISTS `course_hashtag`;
/*!40101 SET @saved_cs_client     = @@character_set_client */;
/*!40101 SET character_set_client = utf8 */;
CREATE TABLE `course_hashtag` (
  `hashtag_id` varchar(36) NOT NULL,
  `course_id` varchar(36) NOT NULL,
  `created_at` decimal(13,0) DEFAULT NULL,
  `updated_at` decimal(13,0) DEFAULT NULL,
  PRIMARY KEY (`hashtag_id`,`course_id`),
  KEY `fk_hashtag_has_course_course1_idx` (`course_id`),
  KEY `fk_hashtag_has_course_hashtag1_idx` (`hashtag_id`)
) ENGINE=InnoDB DEFAULT CHARSET=utf8;
/*!40101 SET character_set_client = @saved_cs_client */;

--
-- Dumping data for table `course_hashtag`
--

LOCK TABLES `course_hashtag` WRITE;
/*!40000 ALTER TABLE `course_hashtag` DISABLE KEYS */;
INSERT INTO `course_hashtag` VALUES ('0b9c194e-f111-11e5-9234-0123456789ad','0b9c194e-f111-11e5-9234-0123456789ad',1460563816995,1460563816995),('0bb03d8e-f111-11e5-9234-0123456789ab','00c8671e-1107-11e6-9234-0123456789ab',1462263245705,1462263245705),('0bb03d8e-f111-11e5-9234-0123456789ab','01cfd91e-1114-11e6-9234-0123456789ab',1462268830992,1462268830992),('0bb03d8e-f111-11e5-9234-0123456789ab','020f4d8e-10dc-11e6-9234-0123456789ab',1462244779612,1462244779612),('0bb03d8e-f111-11e5-9234-0123456789ab','0555deee-108d-11e6-9234-0123456789ab',1462210854928,1462210854928),('0bb03d8e-f111-11e5-9234-0123456789ab','0630dd8e-1abd-11e6-9234-0123456789ab',1463330983703,1463330983703),('0bb03d8e-f111-11e5-9234-0123456789ab','0746b5fe-10db-11e6-9234-0123456789ab',1462244358847,1462244358847),('0bb03d8e-f111-11e5-9234-0123456789ab','07e275ae-106b-11e6-9234-0123456789ab',1462196256151,1462196256151),('0bb03d8e-f111-11e5-9234-0123456789ab','0adac24e-1114-11e6-9234-0123456789ab',1462268846067,1462268846067),('0bb03d8e-f111-11e5-9234-0123456789ab','0b9c194e-f111-11e5-9234-0123456789ab',1458749121768,1458749121768),('0bb03d8e-f111-11e5-9234-0123456789ab','0c1f6a5e-10df-11e6-9234-0123456789ab',1462246084945,1462246084945),('0bb03d8e-f111-11e5-9234-0123456789ab','1093ebce-f3f1-11e5-9234-0123456789ab',1459065239599,1459065239599),('0bb03d8e-f111-11e5-9234-0123456789ab','10dda82e-1370-11e6-9234-0123456789ab',1462528272223,1462528272223),('0bb03d8e-f111-11e5-9234-0123456789ab','114d8ebe-1104-11e6-9234-0123456789ab',1462261984942,1462261984942),('0bb03d8e-f111-11e5-9234-0123456789ab','1235012e-1107-11e6-9234-0123456789ab',1462263274938,1462263274938),('0bb03d8e-f111-11e5-9234-0123456789ab','15414c5e-0f7e-11e6-9234-0123456789ab',1462094487934,1462094487934),('0bb03d8e-f111-11e5-9234-0123456789ab','196fecae-1104-11e6-9234-0123456789ab',1462261998589,1462261998589),('0bb03d8e-f111-11e5-9234-0123456789ab','19ae7c4e-1104-11e6-9234-0123456789ab',1462261999000,1462261999000),('0bb03d8e-f111-11e5-9234-0123456789ab','1b942c0e-10df-11e6-9234-0123456789ab',1462246110907,1462246110907),('0bb03d8e-f111-11e5-9234-0123456789ab','1f3524be-10d8-11e6-9234-0123456789ab',1462243110509,1462243110509),('0bb03d8e-f111-11e5-9234-0123456789ab','1fd81eae-10dc-11e6-9234-0123456789ab',1462244829466,1462244829466),('0bb03d8e-f111-11e5-9234-0123456789ab','22173ece-1114-11e6-9234-0123456789ab',1462268885061,1462268885061),('0bb03d8e-f111-11e5-9234-0123456789ab','244c813e-1107-11e6-9234-0123456789ab',1462263305307,1462263305307),('0bb03d8e-f111-11e5-9234-0123456789ab','2534c7ee-1113-11e6-9234-0123456789ab',1462268460905,1462268460905),('0bb03d8e-f111-11e5-9234-0123456789ab','25b8c3de-12a6-11e6-9234-0123456789ab',1462441548845,1462441548845),('0bb03d8e-f111-11e5-9234-0123456789ab','25c5260e-10dc-11e6-9234-0123456789ab',1462244839410,1462244839410),('0bb03d8e-f111-11e5-9234-0123456789ab','2985b74e-106a-11e6-9234-0123456789ab',1462195883196,1462195883196),('0bb03d8e-f111-11e5-9234-0123456789ab','2c007f3e-1102-11e6-9234-0123456789ab',1462261170769,1462261170769),('0bb03d8e-f111-11e5-9234-0123456789ab','2d58cdfe-10db-11e6-9234-0123456789ab',1462244422722,1462244422722),('0bb03d8e-f111-11e5-9234-0123456789ab','2d61f52e-106c-11e6-9234-0123456789ab',1462196748656,1462196748656),('0bb03d8e-f111-11e5-9234-0123456789ab','345fd86e-136e-11e6-9234-0123456789ab',1462527472750,1462527472750),('0bb03d8e-f111-11e5-9234-0123456789ab','34fbbace-106f-11e6-9234-0123456789ab',1462198049880,1462198049880),('0bb03d8e-f111-11e5-9234-0123456789ab','3592cbde-1089-11e6-9234-0123456789ab',1462209217830,1462209217830),('0bb03d8e-f111-11e5-9234-0123456789ab','36e86c2e-110a-11e6-9234-0123456789ab',1462264625007,1462264625007),('0bb03d8e-f111-11e5-9234-0123456789ab','3852c44e-108b-11e6-9234-0123456789ab',1462210081408,1462210081408),('0bb03d8e-f111-11e5-9234-0123456789ab','3873eb6e-108c-11e6-9234-0123456789ab',1462210511120,1462210511120),('0bb03d8e-f111-11e5-9234-0123456789ab','39fe829e-1106-11e6-9234-0123456789ab',1462262912260,1462262912260),('0bb03d8e-f111-11e5-9234-0123456789ab','3e6ca10e-10d8-11e6-9234-0123456789ab',1462243163608,1462243163608),('0bb03d8e-f111-11e5-9234-0123456789ab','42c2a9ce-108d-11e6-9234-0123456789ab',1462210957998,1462210957998),('0bb03d8e-f111-11e5-9234-0123456789ab','43f1424e-10db-11e6-9234-0123456789ab',1462244460663,1462244460663),('0bb03d8e-f111-11e5-9234-0123456789ab','4518e31e-2b9a-11e6-9234-0123456789ab',1465185226575,1465185226575),('0bb03d8e-f111-11e5-9234-0123456789ab','47e70cbe-110b-11e6-9234-0123456789ab',1462265083017,1462265083017),('0bb03d8e-f111-11e5-9234-0123456789ab','48a42c1e-1114-11e6-9234-0123456789ab',1462268949830,1462268949830),('0bb03d8e-f111-11e5-9234-0123456789ab','48eb5cfe-2b9c-11e6-9234-0123456789ab',1465186091996,1465186091996),('0bb03d8e-f111-11e5-9234-0123456789ab','4cd2a14e-2230-11e6-9234-0123456789ab',1464150152438,1464150152438),('0bb03d8e-f111-11e5-9234-0123456789ab','4e6b318e-2bc6-11e6-9234-0123456789ab',1465204140095,1465204140095),('0bb03d8e-f111-11e5-9234-0123456789ab','53bdbcee-1107-11e6-9234-0123456789ab',1462263384888,1462263384888),('0bb03d8e-f111-11e5-9234-0123456789ab','55f3306e-108c-11e6-9234-0123456789ab',1462210560608,1462210560608),('0bb03d8e-f111-11e5-9234-0123456789ab','5831c26e-1113-11e6-9234-0123456789ab',1462268546371,1462268546371),('0bb03d8e-f111-11e5-9234-0123456789ab','5c48c12e-10da-11e6-9234-0123456789ab',1462244071988,1462244071988),('0bb03d8e-f111-11e5-9234-0123456789ab','5c7aedfe-1088-11e6-9234-0123456789ab',1462208853559,1462208853559),('0bb03d8e-f111-11e5-9234-0123456789ab','6016e38e-1103-11e6-9234-0123456789ab',1462261687630,1462261687630),('0bb03d8e-f111-11e5-9234-0123456789ab','61a8678e-10d8-11e6-9234-0123456789ab',1462243222009,1462243222009),('0bb03d8e-f111-11e5-9234-0123456789ab','63bae15e-106b-11e6-9234-0123456789ab',1462196410426,1462196410426),('0bb03d8e-f111-11e5-9234-0123456789ab','67c4ff7e-108d-11e6-9234-0123456789ab',1462211020037,1462211020037),('0bb03d8e-f111-11e5-9234-0123456789ab','7156cbee-108d-11e6-9234-0123456789ab',1462211036054,1462211036054),('0bb03d8e-f111-11e5-9234-0123456789ab','715fa4be-2b98-11e6-9234-0123456789ab',1465184441880,1465184441880),('0bb03d8e-f111-11e5-9234-0123456789ab','72da541e-108c-11e6-9234-0123456789ab',1462210609172,1462210609172),('0bb03d8e-f111-11e5-9234-0123456789ab','73ba094e-10da-11e6-9234-0123456789ab',1462244111336,1462244111336),('0bb03d8e-f111-11e5-9234-0123456789ab','7506ff7e-1089-11e6-9234-0123456789ab',1462209324267,1462209324267),('0bb03d8e-f111-11e5-9234-0123456789ab','770d0f6e-10db-11e6-9234-0123456789ab',1462244546365,1462244546365),('0bb03d8e-f111-11e5-9234-0123456789ab','7e3d257e-10d8-11e6-9234-0123456789ab',1462243269955,1462243269955),('0bb03d8e-f111-11e5-9234-0123456789ab','85bce4ce-106a-11e6-9234-0123456789ab',1462196037922,1462196037922),('0bb03d8e-f111-11e5-9234-0123456789ab','8a0ffcee-1107-11e6-9234-0123456789ab',1462263476027,1462263476027),('0bb03d8e-f111-11e5-9234-0123456789ab','8a3d6afe-1106-11e6-9234-0123456789ab',1462263046836,1462263046836),('0bb03d8e-f111-11e5-9234-0123456789ab','8fdfc0be-12a6-11e6-9234-0123456789ab',1462441726912,1462441726912),('0bb03d8e-f111-11e5-9234-0123456789ab','93e27ade-15f4-11e6-9234-0123456789ab',1462805087930,1462805087930),('0bb03d8e-f111-11e5-9234-0123456789ab','982cecae-108c-11e6-9234-0123456789ab',1462210671613,1462210671613),('0bb03d8e-f111-11e5-9234-0123456789ab','9a2d7b2e-10da-11e6-9234-0123456789ab',1462244175802,1462244175802),('0bb03d8e-f111-11e5-9234-0123456789ab','9f68e99e-1089-11e6-9234-0123456789ab',1462209395374,1462209395374),('0bb03d8e-f111-11e5-9234-0123456789ab','a337a03e-110a-11e6-9234-0123456789ab',1462264806720,1462264806720),('0bb03d8e-f111-11e5-9234-0123456789ab','a3a27f2e-108a-11e6-9234-0123456789ab',1462209831988,1462209831988),('0bb03d8e-f111-11e5-9234-0123456789ab','a527e2de-10db-11e6-9234-0123456789ab',1462244623813,1462244623813),('0bb03d8e-f111-11e5-9234-0123456789ab','ab3dfb9e-1113-11e6-9234-0123456789ab',1462268685829,1462268685829),('0bb03d8e-f111-11e5-9234-0123456789ab','adb385ee-1107-11e6-9234-0123456789ab',1462263535818,1462263535818),('0bb03d8e-f111-11e5-9234-0123456789ab','b4711c5e-110a-11e6-9234-0123456789ab',1462264835616,1462264835616),('0bb03d8e-f111-11e5-9234-0123456789ab','b5d3371e-108b-11e6-9234-0123456789ab',1462210291971,1462210291971),('0bb03d8e-f111-11e5-9234-0123456789ab','b7cc359e-1107-11e6-9234-0123456789ab',1462263552758,1462263552758),('0bb03d8e-f111-11e5-9234-0123456789ab','b80daa6e-15f4-11e6-9234-0123456789ab',1462805148570,1462805148570),('0bb03d8e-f111-11e5-9234-0123456789ab','bbb96dfe-110a-11e6-9234-0123456789ab',1462264847854,1462264847854),('0bb03d8e-f111-11e5-9234-0123456789ab','bc654f4e-1113-11e6-9234-0123456789ab',1462268714608,1462268714608),('0bb03d8e-f111-11e5-9234-0123456789ab','c32aabbe-1107-11e6-9234-0123456789ab',1462263571848,1462263571848),('0bb03d8e-f111-11e5-9234-0123456789ab','c3f863ce-108a-11e6-9234-0123456789ab',1462209886222,1462209886222),('0bb03d8e-f111-11e5-9234-0123456789ab','c5f2629e-10d8-11e6-9234-0123456789ab',1462243390281,1462243390281),('0bb03d8e-f111-11e5-9234-0123456789ab','cba4140e-2bc6-11e6-9234-0123456789ab',1465204350183,1465204350183),('0bb03d8e-f111-11e5-9234-0123456789ab','cc13995e-10d8-11e6-9234-0123456789ab',1462243400441,1462243400441),('0bb03d8e-f111-11e5-9234-0123456789ab','cc8697be-10de-11e6-9234-0123456789ab',1462245978273,1462245978273),('0bb03d8e-f111-11e5-9234-0123456789ab','cf9e29ae-106a-11e6-9234-0123456789ab',1462196161865,1462196161865),('0bb03d8e-f111-11e5-9234-0123456789ab','d0e69ade-136d-11e6-9234-0123456789ab',1462527305936,1462527305936),('0bb03d8e-f111-11e5-9234-0123456789ab','d1bfd84e-1106-11e6-9234-0123456789ab',1462263166800,1462263166800),('0bb03d8e-f111-11e5-9234-0123456789ab','d402fe7e-23b2-11e6-9234-0123456789ab',1464316165252,1464316165252),('0bb03d8e-f111-11e5-9234-0123456789ab','dc82c09e-10d8-11e6-9234-0123456789ab',1462243428145,1462243428145),('0bb03d8e-f111-11e5-9234-0123456789ab','dce9b00e-2bc4-11e6-9234-0123456789ab',1465203520146,1465203520146),('0bb03d8e-f111-11e5-9234-0123456789ab','de6a204e-08ab-11e6-9234-0123456789ab',1461344494619,1461344494619),('0bb03d8e-f111-11e5-9234-0123456789ab','df97b6de-10da-11e6-9234-0123456789ab',1462244292257,1462244292257),('0bb03d8e-f111-11e5-9234-0123456789ab','e2bee0be-1088-11e6-9234-0123456789ab',1462209078880,1462209078880),('0bb03d8e-f111-11e5-9234-0123456789ab','e502409e-1102-11e6-9234-0123456789ab',1462261481221,1462261481221),('0bb03d8e-f111-11e5-9234-0123456789ab','e5436b7e-1106-11e6-9234-0123456789ab',1462263199537,1462263199537),('0bb03d8e-f111-11e5-9234-0123456789ab','e583ab9e-2b9b-11e6-9234-0123456789ab',1465185925275,1465185925275),('0bb03d8e-f111-11e5-9234-0123456789ab','e634b0ae-1103-11e6-9234-0123456789ab',1462261912675,1462261912675),('0bb03d8e-f111-11e5-9234-0123456789ab','e7cf3c0e-0f7d-11e6-9234-0123456789ab',1462094411789,1462094411789),('0bb03d8e-f111-11e5-9234-0123456789ab','e902652e-108b-11e6-9234-0123456789ab',1462210377740,1462210377740),('0bb03d8e-f111-11e5-9234-0123456789ab','eb05924e-1106-11e6-9234-0123456789ab',1462263209203,1462263209203),('0bb03d8e-f111-11e5-9234-0123456789ab','ece8f84e-1106-11e6-9234-0123456789ab',1462263212366,1462263212366),('0bb03d8e-f111-11e5-9234-0123456789ab','edfe67be-1089-11e6-9234-0123456789ab',1462209527222,1462209527222),('0bb03d8e-f111-11e5-9234-0123456789ab','ef8785ae-2b99-11e6-9234-0123456789ab',1465185083016,1465185083016),('0bb03d8e-f111-11e5-9234-0123456789ab','f269d7be-1103-11e6-9234-0123456789ab',1462261933133,1462261933133),('0bb03d8e-f111-11e5-9234-0123456789ab','f4188e6e-10dd-11e6-9234-0123456789ab',1462245615178,1462245615178),('0bb03d8e-f111-11e5-9234-0123456789ab','fc71e56e-10de-11e6-9234-0123456789ab',1462246058668,1462246058668),('0bb03d8e-f111-11e5-9234-0123456789ab','fd74080e-106e-11e6-9234-0123456789ab',1462197956752,1462197956752),('0bb03d8e-f111-11e5-9234-0123456789ab','fd77fc7e-106a-11e6-9234-0123456789ab',1462196238816,1462196238816),('0bb19d1e-f111-11e5-9234-0123456789ab','00c8671e-1107-11e6-9234-0123456789ab',1462263245706,1462263245706),('0bb19d1e-f111-11e5-9234-0123456789ab','01cfd91e-1114-11e6-9234-0123456789ab',1462268830991,1462268830991),('0bb19d1e-f111-11e5-9234-0123456789ab','020f4d8e-10dc-11e6-9234-0123456789ab',1462244779628,1462244779628),('0bb19d1e-f111-11e5-9234-0123456789ab','0555deee-108d-11e6-9234-0123456789ab',1462210854899,1462210854899),('0bb19d1e-f111-11e5-9234-0123456789ab','0630dd8e-1abd-11e6-9234-0123456789ab',1463330983704,1463330983704),('0bb19d1e-f111-11e5-9234-0123456789ab','0746b5fe-10db-11e6-9234-0123456789ab',1462244358866,1462244358866),('0bb19d1e-f111-11e5-9234-0123456789ab','07e275ae-106b-11e6-9234-0123456789ab',1462196256151,1462196256151),('0bb19d1e-f111-11e5-9234-0123456789ab','0adac24e-1114-11e6-9234-0123456789ab',1462268846067,1462268846067),('0bb19d1e-f111-11e5-9234-0123456789ab','0b9c194e-f111-11e5-9234-0123456789ab',1458749121770,1458749121770),('0bb19d1e-f111-11e5-9234-0123456789ab','0c1f6a5e-10df-11e6-9234-0123456789ab',1462246084952,1462246084952),('0bb19d1e-f111-11e5-9234-0123456789ab','0e560d8e-2bc7-11e6-9234-0123456789ab',1465204462322,1465204462322),('0bb19d1e-f111-11e5-9234-0123456789ab','1093ebce-f3f1-11e5-9234-0123456789ab',1459065239602,1459065239602),('0bb19d1e-f111-11e5-9234-0123456789ab','10dda82e-1370-11e6-9234-0123456789ab',1462528272227,1462528272227),('0bb19d1e-f111-11e5-9234-0123456789ab','114d8ebe-1104-11e6-9234-0123456789ab',1462261984943,1462261984943),('0bb19d1e-f111-11e5-9234-0123456789ab','1235012e-1107-11e6-9234-0123456789ab',1462263274938,1462263274938),('0bb19d1e-f111-11e5-9234-0123456789ab','196fecae-1104-11e6-9234-0123456789ab',1462261998589,1462261998589),('0bb19d1e-f111-11e5-9234-0123456789ab','19ae7c4e-1104-11e6-9234-0123456789ab',1462261999001,1462261999001),('0bb19d1e-f111-11e5-9234-0123456789ab','1b942c0e-10df-11e6-9234-0123456789ab',1462246110913,1462246110913),('0bb19d1e-f111-11e5-9234-0123456789ab','1f3524be-10d8-11e6-9234-0123456789ab',1462243110523,1462243110523),('0bb19d1e-f111-11e5-9234-0123456789ab','1fd81eae-10dc-11e6-9234-0123456789ab',1462244829466,1462244829466),('0bb19d1e-f111-11e5-9234-0123456789ab','22173ece-1114-11e6-9234-0123456789ab',1462268885063,1462268885063),('0bb19d1e-f111-11e5-9234-0123456789ab','244c813e-1107-11e6-9234-0123456789ab',1462263305307,1462263305307),('0bb19d1e-f111-11e5-9234-0123456789ab','2534c7ee-1113-11e6-9234-0123456789ab',1462268460912,1462268460912),('0bb19d1e-f111-11e5-9234-0123456789ab','25c5260e-10dc-11e6-9234-0123456789ab',1462244839411,1462244839411),('0bb19d1e-f111-11e5-9234-0123456789ab','2985b74e-106a-11e6-9234-0123456789ab',1462195883195,1462195883195),('0bb19d1e-f111-11e5-9234-0123456789ab','2c007f3e-1102-11e6-9234-0123456789ab',1462261170770,1462261170770),('0bb19d1e-f111-11e5-9234-0123456789ab','2d58cdfe-10db-11e6-9234-0123456789ab',1462244422736,1462244422736),('0bb19d1e-f111-11e5-9234-0123456789ab','2d61f52e-106c-11e6-9234-0123456789ab',1462196748680,1462196748680),('0bb19d1e-f111-11e5-9234-0123456789ab','345fd86e-136e-11e6-9234-0123456789ab',1462527472755,1462527472755),('0bb19d1e-f111-11e5-9234-0123456789ab','34fbbace-106f-11e6-9234-0123456789ab',1462198049904,1462198049904),('0bb19d1e-f111-11e5-9234-0123456789ab','3592cbde-1089-11e6-9234-0123456789ab',1462209217834,1462209217834),('0bb19d1e-f111-11e5-9234-0123456789ab','36e86c2e-110a-11e6-9234-0123456789ab',1462264625007,1462264625007),('0bb19d1e-f111-11e5-9234-0123456789ab','3735509e-0f7e-11e6-9234-0123456789ab',1462094544852,1462094544852),('0bb19d1e-f111-11e5-9234-0123456789ab','3852c44e-108b-11e6-9234-0123456789ab',1462210081427,1462210081427),('0bb19d1e-f111-11e5-9234-0123456789ab','3873eb6e-108c-11e6-9234-0123456789ab',1462210511125,1462210511125),('0bb19d1e-f111-11e5-9234-0123456789ab','39fe829e-1106-11e6-9234-0123456789ab',1462262912266,1462262912266),('0bb19d1e-f111-11e5-9234-0123456789ab','3e6ca10e-10d8-11e6-9234-0123456789ab',1462243162949,1462243162949),('0bb19d1e-f111-11e5-9234-0123456789ab','42c2a9ce-108d-11e6-9234-0123456789ab',1462210958002,1462210958002),('0bb19d1e-f111-11e5-9234-0123456789ab','43f1424e-10db-11e6-9234-0123456789ab',1462244460683,1462244460683),('0bb19d1e-f111-11e5-9234-0123456789ab','4518e31e-2b9a-11e6-9234-0123456789ab',1465185226575,1465185226575),('0bb19d1e-f111-11e5-9234-0123456789ab','4714ec9e-0f7f-11e6-9234-0123456789ab',1462095000961,1462095000961),('0bb19d1e-f111-11e5-9234-0123456789ab','47e70cbe-110b-11e6-9234-0123456789ab',1462265083018,1462265083018),('0bb19d1e-f111-11e5-9234-0123456789ab','48a42c1e-1114-11e6-9234-0123456789ab',1462268949832,1462268949832),('0bb19d1e-f111-11e5-9234-0123456789ab','53bdbcee-1107-11e6-9234-0123456789ab',1462263384891,1462263384891),('0bb19d1e-f111-11e5-9234-0123456789ab','55f3306e-108c-11e6-9234-0123456789ab',1462210560620,1462210560620),('0bb19d1e-f111-11e5-9234-0123456789ab','5831c26e-1113-11e6-9234-0123456789ab',1462268546338,1462268546338),('0bb19d1e-f111-11e5-9234-0123456789ab','5c48c12e-10da-11e6-9234-0123456789ab',1462244072007,1462244072007),('0bb19d1e-f111-11e5-9234-0123456789ab','6016e38e-1103-11e6-9234-0123456789ab',1462261687632,1462261687632),('0bb19d1e-f111-11e5-9234-0123456789ab','61a8678e-10d8-11e6-9234-0123456789ab',1462243222016,1462243222016),('0bb19d1e-f111-11e5-9234-0123456789ab','63bae15e-106b-11e6-9234-0123456789ab',1462196410432,1462196410432),('0bb19d1e-f111-11e5-9234-0123456789ab','67c4ff7e-108d-11e6-9234-0123456789ab',1462211020036,1462211020036),('0bb19d1e-f111-11e5-9234-0123456789ab','68de5e6e-0f7f-11e6-9234-0123456789ab',1462095057703,1462095057703),('0bb19d1e-f111-11e5-9234-0123456789ab','7156cbee-108d-11e6-9234-0123456789ab',1462211036072,1462211036072),('0bb19d1e-f111-11e5-9234-0123456789ab','72da541e-108c-11e6-9234-0123456789ab',1462210609189,1462210609189),('0bb19d1e-f111-11e5-9234-0123456789ab','73ba094e-10da-11e6-9234-0123456789ab',1462244111355,1462244111355),('0bb19d1e-f111-11e5-9234-0123456789ab','7506ff7e-1089-11e6-9234-0123456789ab',1462209324266,1462209324266),('0bb19d1e-f111-11e5-9234-0123456789ab','770d0f6e-10db-11e6-9234-0123456789ab',1462244546380,1462244546380),('0bb19d1e-f111-11e5-9234-0123456789ab','7e3d257e-10d8-11e6-9234-0123456789ab',1462243269954,1462243269954),('0bb19d1e-f111-11e5-9234-0123456789ab','7f52c28e-1088-11e6-9234-0123456789ab',1462208911981,1462208911981),('0bb19d1e-f111-11e5-9234-0123456789ab','85bce4ce-106a-11e6-9234-0123456789ab',1462196039873,1462196039873),('0bb19d1e-f111-11e5-9234-0123456789ab','8a0ffcee-1107-11e6-9234-0123456789ab',1462263476027,1462263476027),('0bb19d1e-f111-11e5-9234-0123456789ab','8a3d6afe-1106-11e6-9234-0123456789ab',1462263046837,1462263046837),('0bb19d1e-f111-11e5-9234-0123456789ab','8fdfc0be-12a6-11e6-9234-0123456789ab',1462441726914,1462441726914),('0bb19d1e-f111-11e5-9234-0123456789ab','982cecae-108c-11e6-9234-0123456789ab',1462210671614,1462210671614),('0bb19d1e-f111-11e5-9234-0123456789ab','9a2d7b2e-10da-11e6-9234-0123456789ab',1462244175807,1462244175807),('0bb19d1e-f111-11e5-9234-0123456789ab','9f68e99e-1089-11e6-9234-0123456789ab',1462209395383,1462209395383),('0bb19d1e-f111-11e5-9234-0123456789ab','a337a03e-110a-11e6-9234-0123456789ab',1462264806726,1462264806726),('0bb19d1e-f111-11e5-9234-0123456789ab','a3a27f2e-108a-11e6-9234-0123456789ab',1462209831966,1462209831966),('0bb19d1e-f111-11e5-9234-0123456789ab','a527e2de-10db-11e6-9234-0123456789ab',1462244623757,1462244623757),('0bb19d1e-f111-11e5-9234-0123456789ab','ab3dfb9e-1113-11e6-9234-0123456789ab',1462268685839,1462268685839),('0bb19d1e-f111-11e5-9234-0123456789ab','ab60159e-0f7e-11e6-9234-0123456789ab',1462094739729,1462094739729),('0bb19d1e-f111-11e5-9234-0123456789ab','ab93a8be-0f7e-11e6-9234-0123456789ab',1462094740049,1462094740049),('0bb19d1e-f111-11e5-9234-0123456789ab','adb385ee-1107-11e6-9234-0123456789ab',1462263535818,1462263535818),('0bb19d1e-f111-11e5-9234-0123456789ab','b4711c5e-110a-11e6-9234-0123456789ab',1462264835618,1462264835618),('0bb19d1e-f111-11e5-9234-0123456789ab','b5d3371e-108b-11e6-9234-0123456789ab',1462210291998,1462210291998),('0bb19d1e-f111-11e5-9234-0123456789ab','b7cc359e-1107-11e6-9234-0123456789ab',1462263552758,1462263552758),('0bb19d1e-f111-11e5-9234-0123456789ab','bbb96dfe-110a-11e6-9234-0123456789ab',1462264847855,1462264847855),('0bb19d1e-f111-11e5-9234-0123456789ab','bc654f4e-1113-11e6-9234-0123456789ab',1462268714645,1462268714645),('0bb19d1e-f111-11e5-9234-0123456789ab','c32aabbe-1107-11e6-9234-0123456789ab',1462263571849,1462263571849),('0bb19d1e-f111-11e5-9234-0123456789ab','c3f863ce-108a-11e6-9234-0123456789ab',1462209886227,1462209886227),('0bb19d1e-f111-11e5-9234-0123456789ab','c5f2629e-10d8-11e6-9234-0123456789ab',1462243390300,1462243390300),('0bb19d1e-f111-11e5-9234-0123456789ab','cc13995e-10d8-11e6-9234-0123456789ab',1462243400441,1462243400441),('0bb19d1e-f111-11e5-9234-0123456789ab','cc8697be-10de-11e6-9234-0123456789ab',1462245978290,1462245978290),('0bb19d1e-f111-11e5-9234-0123456789ab','cf9e29ae-106a-11e6-9234-0123456789ab',1462196161881,1462196161881),('0bb19d1e-f111-11e5-9234-0123456789ab','d0e69ade-136d-11e6-9234-0123456789ab',1462527305941,1462527305941),('0bb19d1e-f111-11e5-9234-0123456789ab','d1bfd84e-1106-11e6-9234-0123456789ab',1462263166802,1462263166802),('0bb19d1e-f111-11e5-9234-0123456789ab','dc82c09e-10d8-11e6-9234-0123456789ab',1462243428144,1462243428144),('0bb19d1e-f111-11e5-9234-0123456789ab','df97b6de-10da-11e6-9234-0123456789ab',1462244292272,1462244292272),('0bb19d1e-f111-11e5-9234-0123456789ab','e2bee0be-1088-11e6-9234-0123456789ab',1462209078887,1462209078887),('0bb19d1e-f111-11e5-9234-0123456789ab','e502409e-1102-11e6-9234-0123456789ab',1462261481227,1462261481227),('0bb19d1e-f111-11e5-9234-0123456789ab','e5436b7e-1106-11e6-9234-0123456789ab',1462263199538,1462263199538),('0bb19d1e-f111-11e5-9234-0123456789ab','e634b0ae-1103-11e6-9234-0123456789ab',1462261912677,1462261912677),('0bb19d1e-f111-11e5-9234-0123456789ab','e902652e-108b-11e6-9234-0123456789ab',1462210377746,1462210377746),('0bb19d1e-f111-11e5-9234-0123456789ab','eb05924e-1106-11e6-9234-0123456789ab',1462263209203,1462263209203),('0bb19d1e-f111-11e5-9234-0123456789ab','ece8f84e-1106-11e6-9234-0123456789ab',1462263212366,1462263212366),('0bb19d1e-f111-11e5-9234-0123456789ab','edfe67be-1089-11e6-9234-0123456789ab',1462209527241,1462209527241),('0bb19d1e-f111-11e5-9234-0123456789ab','f269d7be-1103-11e6-9234-0123456789ab',1462261933134,1462261933134),('0bb19d1e-f111-11e5-9234-0123456789ab','f4188e6e-10dd-11e6-9234-0123456789ab',1462245615199,1462245615199),('0bb19d1e-f111-11e5-9234-0123456789ab','fc71e56e-10de-11e6-9234-0123456789ab',1462246058683,1462246058683),('0bb19d1e-f111-11e5-9234-0123456789ab','fd74080e-106e-11e6-9234-0123456789ab',1462197956769,1462197956769),('0bb19d1e-f111-11e5-9234-0123456789ab','fd77fc7e-106a-11e6-9234-0123456789ab',1462196238823,1462196238823),('0bb2395e-f111-11e5-9234-0123456789ab','00c8671e-1107-11e6-9234-0123456789ab',1462263245709,1462263245709),('0bb2395e-f111-11e5-9234-0123456789ab','01cfd91e-1114-11e6-9234-0123456789ab',1462268830992,1462268830992),('0bb2395e-f111-11e5-9234-0123456789ab','020f4d8e-10dc-11e6-9234-0123456789ab',1462244779629,1462244779629),('0bb2395e-f111-11e5-9234-0123456789ab','0555deee-108d-11e6-9234-0123456789ab',1462210854900,1462210854900),('0bb2395e-f111-11e5-9234-0123456789ab','0630dd8e-1abd-11e6-9234-0123456789ab',1463330983700,1463330983700),('0bb2395e-f111-11e5-9234-0123456789ab','0746b5fe-10db-11e6-9234-0123456789ab',1462244358872,1462244358872),('0bb2395e-f111-11e5-9234-0123456789ab','07e275ae-106b-11e6-9234-0123456789ab',1462196256153,1462196256153),('0bb2395e-f111-11e5-9234-0123456789ab','0adac24e-1114-11e6-9234-0123456789ab',1462268846071,1462268846071),('0bb2395e-f111-11e5-9234-0123456789ab','0b9c194e-f111-11e5-9234-0123456789ab',1458749121783,1458749121783),('0bb2395e-f111-11e5-9234-0123456789ab','0c1f6a5e-10df-11e6-9234-0123456789ab',1462246084954,1462246084954),('0bb2395e-f111-11e5-9234-0123456789ab','1093ebce-f3f1-11e5-9234-0123456789ab',1459065239602,1459065239602),('0bb2395e-f111-11e5-9234-0123456789ab','10dda82e-1370-11e6-9234-0123456789ab',1462528272227,1462528272227),('0bb2395e-f111-11e5-9234-0123456789ab','114d8ebe-1104-11e6-9234-0123456789ab',1462261984945,1462261984945),('0bb2395e-f111-11e5-9234-0123456789ab','1235012e-1107-11e6-9234-0123456789ab',1462263274940,1462263274940),('0bb2395e-f111-11e5-9234-0123456789ab','196fecae-1104-11e6-9234-0123456789ab',1462261998591,1462261998591),('0bb2395e-f111-11e5-9234-0123456789ab','19ae7c4e-1104-11e6-9234-0123456789ab',1462261999003,1462261999003),('0bb2395e-f111-11e5-9234-0123456789ab','1b942c0e-10df-11e6-9234-0123456789ab',1462246110915,1462246110915),('0bb2395e-f111-11e5-9234-0123456789ab','1f3524be-10d8-11e6-9234-0123456789ab',1462243110533,1462243110533),('0bb2395e-f111-11e5-9234-0123456789ab','1fd81eae-10dc-11e6-9234-0123456789ab',1462244829479,1462244829479),('0bb2395e-f111-11e5-9234-0123456789ab','22173ece-1114-11e6-9234-0123456789ab',1462268885066,1462268885066),('0bb2395e-f111-11e5-9234-0123456789ab','244c813e-1107-11e6-9234-0123456789ab',1462263305310,1462263305310),('0bb2395e-f111-11e5-9234-0123456789ab','2534c7ee-1113-11e6-9234-0123456789ab',1462268460917,1462268460917),('0bb2395e-f111-11e5-9234-0123456789ab','25c5260e-10dc-11e6-9234-0123456789ab',1462244839413,1462244839413),('0bb2395e-f111-11e5-9234-0123456789ab','2985b74e-106a-11e6-9234-0123456789ab',1462195883251,1462195883251),('0bb2395e-f111-11e5-9234-0123456789ab','2c007f3e-1102-11e6-9234-0123456789ab',1462261170775,1462261170775),('0bb2395e-f111-11e5-9234-0123456789ab','2d58cdfe-10db-11e6-9234-0123456789ab',1462244422736,1462244422736),('0bb2395e-f111-11e5-9234-0123456789ab','2d61f52e-106c-11e6-9234-0123456789ab',1462196748680,1462196748680),('0bb2395e-f111-11e5-9234-0123456789ab','345fd86e-136e-11e6-9234-0123456789ab',1462527472756,1462527472756),('0bb2395e-f111-11e5-9234-0123456789ab','34fbbace-106f-11e6-9234-0123456789ab',1462198049894,1462198049894),('0bb2395e-f111-11e5-9234-0123456789ab','3592cbde-1089-11e6-9234-0123456789ab',1462209217835,1462209217835),('0bb2395e-f111-11e5-9234-0123456789ab','36e86c2e-110a-11e6-9234-0123456789ab',1462264625013,1462264625013),('0bb2395e-f111-11e5-9234-0123456789ab','3852c44e-108b-11e6-9234-0123456789ab',1462210082165,1462210082165),('0bb2395e-f111-11e5-9234-0123456789ab','3873eb6e-108c-11e6-9234-0123456789ab',1462210511132,1462210511132),('0bb2395e-f111-11e5-9234-0123456789ab','39fe829e-1106-11e6-9234-0123456789ab',1462262912268,1462262912268),('0bb2395e-f111-11e5-9234-0123456789ab','3e6ca10e-10d8-11e6-9234-0123456789ab',1462243163608,1462243163608),('0bb2395e-f111-11e5-9234-0123456789ab','42c2a9ce-108d-11e6-9234-0123456789ab',1462210958019,1462210958019),('0bb2395e-f111-11e5-9234-0123456789ab','43f1424e-10db-11e6-9234-0123456789ab',1462244460691,1462244460691),('0bb2395e-f111-11e5-9234-0123456789ab','4518e31e-2b9a-11e6-9234-0123456789ab',1465185226575,1465185226575),('0bb2395e-f111-11e5-9234-0123456789ab','47e70cbe-110b-11e6-9234-0123456789ab',1462265083023,1462265083023),('0bb2395e-f111-11e5-9234-0123456789ab','48a42c1e-1114-11e6-9234-0123456789ab',1462268949851,1462268949851),('0bb2395e-f111-11e5-9234-0123456789ab','53bdbcee-1107-11e6-9234-0123456789ab',1462263384893,1462263384893),('0bb2395e-f111-11e5-9234-0123456789ab','55f3306e-108c-11e6-9234-0123456789ab',1462210561343,1462210561343),('0bb2395e-f111-11e5-9234-0123456789ab','5831c26e-1113-11e6-9234-0123456789ab',1462268546340,1462268546340),('0bb2395e-f111-11e5-9234-0123456789ab','5c48c12e-10da-11e6-9234-0123456789ab',1462244072008,1462244072008),('0bb2395e-f111-11e5-9234-0123456789ab','6016e38e-1103-11e6-9234-0123456789ab',1462261687641,1462261687641),('0bb2395e-f111-11e5-9234-0123456789ab','61a8678e-10d8-11e6-9234-0123456789ab',1462243222026,1462243222026),('0bb2395e-f111-11e5-9234-0123456789ab','63bae15e-106b-11e6-9234-0123456789ab',1462196411182,1462196411182),('0bb2395e-f111-11e5-9234-0123456789ab','67c4ff7e-108d-11e6-9234-0123456789ab',1462211020042,1462211020042),('0bb2395e-f111-11e5-9234-0123456789ab','7156cbee-108d-11e6-9234-0123456789ab',1462211036079,1462211036079),('0bb2395e-f111-11e5-9234-0123456789ab','72da541e-108c-11e6-9234-0123456789ab',1462210609198,1462210609198),('0bb2395e-f111-11e5-9234-0123456789ab','73ba094e-10da-11e6-9234-0123456789ab',1462244111355,1462244111355),('0bb2395e-f111-11e5-9234-0123456789ab','7506ff7e-1089-11e6-9234-0123456789ab',1462209324282,1462209324282),('0bb2395e-f111-11e5-9234-0123456789ab','770d0f6e-10db-11e6-9234-0123456789ab',1462244546387,1462244546387),('0bb2395e-f111-11e5-9234-0123456789ab','7e3d257e-10d8-11e6-9234-0123456789ab',1462243269961,1462243269961),('0bb2395e-f111-11e5-9234-0123456789ab','85bce4ce-106a-11e6-9234-0123456789ab',1462196037936,1462196037936),('0bb2395e-f111-11e5-9234-0123456789ab','8a0ffcee-1107-11e6-9234-0123456789ab',1462263476033,1462263476033),('0bb2395e-f111-11e5-9234-0123456789ab','8a3d6afe-1106-11e6-9234-0123456789ab',1462263046840,1462263046840),('0bb2395e-f111-11e5-9234-0123456789ab','8fdfc0be-12a6-11e6-9234-0123456789ab',1462441726917,1462441726917),('0bb2395e-f111-11e5-9234-0123456789ab','982cecae-108c-11e6-9234-0123456789ab',1462210671619,1462210671619),('0bb2395e-f111-11e5-9234-0123456789ab','9a2d7b2e-10da-11e6-9234-0123456789ab',1462244175809,1462244175809),('0bb2395e-f111-11e5-9234-0123456789ab','9f68e99e-1089-11e6-9234-0123456789ab',1462209396032,1462209396032),('0bb2395e-f111-11e5-9234-0123456789ab','a337a03e-110a-11e6-9234-0123456789ab',1462264806729,1462264806729),('0bb2395e-f111-11e5-9234-0123456789ab','a3a27f2e-108a-11e6-9234-0123456789ab',1462209831966,1462209831966),('0bb2395e-f111-11e5-9234-0123456789ab','a527e2de-10db-11e6-9234-0123456789ab',1462244623761,1462244623761),('0bb2395e-f111-11e5-9234-0123456789ab','ab3dfb9e-1113-11e6-9234-0123456789ab',1462268685853,1462268685853),('0bb2395e-f111-11e5-9234-0123456789ab','adb385ee-1107-11e6-9234-0123456789ab',1462263535820,1462263535820),('0bb2395e-f111-11e5-9234-0123456789ab','b05dfa2e-2b9a-11e6-9234-0123456789ab',1465185406543,1465185406543),('0bb2395e-f111-11e5-9234-0123456789ab','b4711c5e-110a-11e6-9234-0123456789ab',1462264835620,1462264835620),('0bb2395e-f111-11e5-9234-0123456789ab','b5d3371e-108b-11e6-9234-0123456789ab',1462210291987,1462210291988),('0bb2395e-f111-11e5-9234-0123456789ab','b7cc359e-1107-11e6-9234-0123456789ab',1462263552760,1462263552760),('0bb2395e-f111-11e5-9234-0123456789ab','bbb96dfe-110a-11e6-9234-0123456789ab',1462264847856,1462264847856),('0bb2395e-f111-11e5-9234-0123456789ab','bc654f4e-1113-11e6-9234-0123456789ab',1462268714597,1462268714597),('0bb2395e-f111-11e5-9234-0123456789ab','c32aabbe-1107-11e6-9234-0123456789ab',1462263571850,1462263571850),('0bb2395e-f111-11e5-9234-0123456789ab','c3f863ce-108a-11e6-9234-0123456789ab',1462209886235,1462209886235),('0bb2395e-f111-11e5-9234-0123456789ab','c5f2629e-10d8-11e6-9234-0123456789ab',1462243390310,1462243390310),('0bb2395e-f111-11e5-9234-0123456789ab','cc13995e-10d8-11e6-9234-0123456789ab',1462243400445,1462243400445),('0bb2395e-f111-11e5-9234-0123456789ab','cc8697be-10de-11e6-9234-0123456789ab',1462245978296,1462245978296),('0bb2395e-f111-11e5-9234-0123456789ab','cf9e29ae-106a-11e6-9234-0123456789ab',1462196161889,1462196161889),('0bb2395e-f111-11e5-9234-0123456789ab','d0e69ade-136d-11e6-9234-0123456789ab',1462527305941,1462527305941),('0bb2395e-f111-11e5-9234-0123456789ab','d1bfd84e-1106-11e6-9234-0123456789ab',1462263166804,1462263166804),('0bb2395e-f111-11e5-9234-0123456789ab','dc82c09e-10d8-11e6-9234-0123456789ab',1462243428145,1462243428145),('0bb2395e-f111-11e5-9234-0123456789ab','df97b6de-10da-11e6-9234-0123456789ab',1462244292279,1462244292279),('0bb2395e-f111-11e5-9234-0123456789ab','e2bee0be-1088-11e6-9234-0123456789ab',1462209078902,1462209078902),('0bb2395e-f111-11e5-9234-0123456789ab','e502409e-1102-11e6-9234-0123456789ab',1462261481227,1462261481227),('0bb2395e-f111-11e5-9234-0123456789ab','e5436b7e-1106-11e6-9234-0123456789ab',1462263199540,1462263199540),('0bb2395e-f111-11e5-9234-0123456789ab','e634b0ae-1103-11e6-9234-0123456789ab',1462261912683,1462261912683),('0bb2395e-f111-11e5-9234-0123456789ab','e902652e-108b-11e6-9234-0123456789ab',1462210377754,1462210377754),('0bb2395e-f111-11e5-9234-0123456789ab','eb05924e-1106-11e6-9234-0123456789ab',1462263209205,1462263209205),('0bb2395e-f111-11e5-9234-0123456789ab','ece8f84e-1106-11e6-9234-0123456789ab',1462263212369,1462263212369),('0bb2395e-f111-11e5-9234-0123456789ab','edfe67be-1089-11e6-9234-0123456789ab',1462209527247,1462209527247),('0bb2395e-f111-11e5-9234-0123456789ab','f269d7be-1103-11e6-9234-0123456789ab',1462261933137,1462261933137),('0bb2395e-f111-11e5-9234-0123456789ab','f4188e6e-10dd-11e6-9234-0123456789ab',1462245615199,1462245615199),('0bb2395e-f111-11e5-9234-0123456789ab','fc71e56e-10de-11e6-9234-0123456789ab',1462246058683,1462246058683),('0bb2395e-f111-11e5-9234-0123456789ab','fd74080e-106e-11e6-9234-0123456789ab',1462197956762,1462197956762),('0bb2395e-f111-11e5-9234-0123456789ab','fd77fc7e-106a-11e6-9234-0123456789ab',1462196238828,1462196238828),('103a603e-16c6-11e6-9234-0123456789ab','2d401a3e-1abd-11e6-9234-0123456789ab',1463331049191,1463331049191),('103a603e-16c6-11e6-9234-0123456789ab','2ddf14ae-2355-11e6-9234-0123456789ab',1464275943067,1464275943067),('103a603e-16c6-11e6-9234-0123456789ab','ac721f2e-21c4-11e6-9234-0123456789ab',1464103927203,1464103927203),('103a603e-16c6-11e6-9234-0123456789ab','d16cd1ee-1aac-11e6-9234-0123456789ab',1463324023218,1463324023218),('2de7520e-2355-11e6-9234-0123456789ab','2ddf14ae-2355-11e6-9234-0123456789ab',1464275943081,1464275943081),('3656e2fe-0192-11e6-9234-0123456789ab','0b9c194e-f111-11e5-9234-0123456789ad',1460563816995,1460563816995),('ac757a8e-21c4-11e6-9234-0123456789ab','ac721f2e-21c4-11e6-9234-0123456789ab',1464103927226,1464103927226),('fb72230e-0c88-11e6-9234-0123456789ab','7175e96e-1b11-11e6-9234-0123456789ab',1463367241448,1463367241448);
/*!40000 ALTER TABLE `course_hashtag` ENABLE KEYS */;
UNLOCK TABLES;

--
-- Table structure for table `device_token`
--

DROP TABLE IF EXISTS `device_token`;
/*!40101 SET @saved_cs_client     = @@character_set_client */;
/*!40101 SET character_set_client = utf8 */;
CREATE TABLE `device_token` (
  `device_token` text NOT NULL,
  `user_id` varchar(36) NOT NULL,
  `created_at` decimal(13,0) DEFAULT NULL,
  KEY `fk_login_device_wallet_idx` (`user_id`)
) ENGINE=InnoDB DEFAULT CHARSET=utf8;
/*!40101 SET character_set_client = @saved_cs_client */;

--
-- Dumping data for table `device_token`
--

LOCK TABLES `device_token` WRITE;
/*!40000 ALTER TABLE `device_token` DISABLE KEYS */;
INSERT INTO `device_token` VALUES ('fcebnWouOd4:APA91bEqhzBxz1nb3DINpqbOIKsbONEihjkMyRt43qL7lGw4uC4QyvBRA4WFAGtuVM-DQRw1rIz0dU3LgxRGLtIHKil8zWuy6ANhlDLnp0U6AYlW7_osM9n7IUCLMQaQo8weUx1UAMd6','wl1',1465227293334);
/*!40000 ALTER TABLE `device_token` ENABLE KEYS */;
UNLOCK TABLES;

--
-- Table structure for table `hashtag`
--

DROP TABLE IF EXISTS `hashtag`;
/*!40101 SET @saved_cs_client     = @@character_set_client */;
/*!40101 SET character_set_client = utf8 */;
CREATE TABLE `hashtag` (
  `id` varchar(36) NOT NULL,
  `name` varchar(100) DEFAULT NULL,
  `background` varchar(100) DEFAULT NULL,
  `created_at` decimal(13,0) DEFAULT NULL,
  `updated_at` decimal(13,0) DEFAULT NULL,
  PRIMARY KEY (`id`)
) ENGINE=InnoDB DEFAULT CHARSET=utf8;
/*!40101 SET character_set_client = @saved_cs_client */;

--
-- Dumping data for table `hashtag`
--

LOCK TABLES `hashtag` WRITE;
/*!40000 ALTER TABLE `hashtag` DISABLE KEYS */;
INSERT INTO `hashtag` VALUES ('0bb03d8e-f111-11e5-9234-0123456789ab','toan','http://a2.mzstatic.com/us/r30/Purple4/v4/f5/60/73/f56073f7-92c0-2c08-6c66-c18beba1db33/icon256.png',1458749121750,1458749121750),('0bb19d1e-f111-11e5-9234-0123456789ab','vatly','http://www.iconshock.com/img_vista/WINDOWS8/education/jpg/physics_atom_icon.jpg',1458749121759,1458749121759),('0bb2395e-f111-11e5-9234-0123456789ab','hoa','https://www.w3.org/wiki/images/thumb/f/f1/Chemistry-148044_640.png/200px-Chemistry-148044_640.png',1458749121763,1458749121763),('103a603e-16c6-11e6-9234-0123456789ab','design','http://www.ipedpk.com/img/graphic_course.png',1462895061297,1462895061297),('21f8b58e-21c3-11e6-9234-0123456789ab','photoshop',NULL,1464103265366,1464103265366),('2de7520e-2355-11e6-9234-0123456789ab','web',NULL,1464275943070,1464275943070),('8af8f26e-2b97-11e6-9234-0123456789ab','english',NULL,1465184055300,1465184055300),('ac757a8e-21c4-11e6-9234-0123456789ab','adobe',NULL,1464103927206,1464103927206),('fb72230e-0c88-11e6-9234-0123456789ab','tinhocvanphong','http://trungtamtinhocvanphong.com/wp-content/uploads/2015/04/hoc-tin-hoc-van-phong1-150x150.png',1461769315503,1461769315503);
/*!40000 ALTER TABLE `hashtag` ENABLE KEYS */;
UNLOCK TABLES;

--
-- Table structure for table `message`
--

DROP TABLE IF EXISTS `message`;
/*!40101 SET @saved_cs_client     = @@character_set_client */;
/*!40101 SET character_set_client = utf8 */;
CREATE TABLE `message` (
  `id` varchar(36) NOT NULL,
  `conversation_id` varchar(36) DEFAULT NULL,
  `user_id` varchar(36) DEFAULT NULL,
  `content` text,
  `created_at` decimal(13,0) DEFAULT NULL,
  `updated_at` decimal(13,0) DEFAULT NULL,
  `status` tinyint(1) DEFAULT '0',
  PRIMARY KEY (`id`),
  KEY `fk_mess_profile_idx` (`user_id`),
  KEY `fk_mess_conv_idx` (`conversation_id`),
  CONSTRAINT `fk_mess_conv` FOREIGN KEY (`conversation_id`) REFERENCES `conversation` (`id`) ON DELETE NO ACTION ON UPDATE NO ACTION,
  CONSTRAINT `fk_mess_profile` FOREIGN KEY (`user_id`) REFERENCES `profile` (`user_id`) ON DELETE NO ACTION ON UPDATE NO ACTION
) ENGINE=InnoDB DEFAULT CHARSET=utf8;
/*!40101 SET character_set_client = @saved_cs_client */;

--
-- Dumping data for table `message`
--

LOCK TABLES `message` WRITE;
/*!40000 ALTER TABLE `message` DISABLE KEYS */;
INSERT INTO `message` VALUES ('066e88ae-2356-11e6-9234-0123456789ab','01dc7d6e-2356-11e6-9234-0123456789ab','915cf7de-232e-11e6-9234-0123456789ab','hello',1464276307951,1464276306344,0),('0b37de5e-2297-11e6-9234-0123456789ab','d3f40b4e-1aa7-11e6-9234-0123456789ab','wl1','hai',1464194282576,1464194280500,0),('11381b6e-229e-11e6-9234-0123456789ab','d3f40b4e-1aa7-11e6-9234-0123456789ab','wl2','Hahaha',1462510209000,1464197297044,0),('1fa99dee-229e-11e6-9234-0123456789ab','d3f40b4e-1aa7-11e6-9234-0123456789ab','wl2','Hahaha',1462510209000,1464197321276,0),('23054c0e-229e-11e6-9234-0123456789ab','d3f40b4e-1aa7-11e6-9234-0123456789ab','wl2','Hahaha',1462510209000,1464197326910,0),('2718dcae-2297-11e6-9234-0123456789ab','d3f40b4e-1aa7-11e6-9234-0123456789ab','wl2','co chuyen gi the',1464194329011,1464194327272,0),('2e5a3a9e-2bc5-11e6-9234-0123456789ab','2ae5ad4e-2bc5-11e6-9234-0123456789ab','915cf7de-232e-11e6-9234-0123456789ab','hi bạn',1465203665866,1465203656759,0),('31cfc82e-2297-11e6-9234-0123456789ab','d3f40b4e-1aa7-11e6-9234-0123456789ab','wl2','sao nt tre vay',1464194346980,1464194345248,0),('3c81fc2e-1aa9-11e6-9234-0123456789ab','d3f40b4e-1aa7-11e6-9234-0123456789ab','wl1','hello',1463322486073,1463322484833,0),('3cc7b44e-2297-11e6-9234-0123456789ab','d3f40b4e-1aa7-11e6-9234-0123456789ab','wl2','ko di lam ah',1464194365388,1464194363650,0),('774d8bde-2297-11e6-9234-0123456789ab','d3f40b4e-1aa7-11e6-9234-0123456789ab','wl2','ne',1464194463572,1464194461835,0),('b1b3499e-2b9d-11e6-9234-0123456789ab','d0844dde-2b9b-11e6-9234-0123456789ab','e8d99ffe-232d-11e6-9234-0123456789ab','hi',1465186703940,1465186697255,0),('b5a6079e-2b9d-11e6-9234-0123456789ab','d0844dde-2b9b-11e6-9234-0123456789ab','e8d99ffe-232d-11e6-9234-0123456789ab','có gì ko bạn?',1465186710577,1465186703879,0),('b873dfbe-1aa9-11e6-9234-0123456789ab','d3f40b4e-1aa7-11e6-9234-0123456789ab','wl1','bạn có muốn tôi làm gia sư ko',1463322694019,1463322692777,0),('c3d4dbce-2b9d-11e6-9234-0123456789ab','d0844dde-2b9b-11e6-9234-0123456789ab','915cf7de-232e-11e6-9234-0123456789ab','tôi đang muốn tuyển một gia sư dạy toán',1465186736206,1465186727674,0),('cacdd4ee-2b9d-11e6-9234-0123456789ab','d0844dde-2b9b-11e6-9234-0123456789ab','915cf7de-232e-11e6-9234-0123456789ab','không biết bạn có hứng thú ko?',1465186747909,1465186739372,0),('d416001e-2b9b-11e6-9234-0123456789ab','d0844dde-2b9b-11e6-9234-0123456789ab','915cf7de-232e-11e6-9234-0123456789ab','chào bạn',1465185904456,1465185895951,0),('d97e593e-1aa7-11e6-9234-0123456789ab','d3f40b4e-1aa7-11e6-9234-0123456789ab','wl2','hi',1463321893323,1463321889217,0),('e5cd25be-229d-11e6-9234-0123456789ab','d3f40b4e-1aa7-11e6-9234-0123456789ab','wl2','Hahaha',1462510209000,1464197224201,0),('f66a61de-229d-11e6-9234-0123456789ab','d3f40b4e-1aa7-11e6-9234-0123456789ab','wl2','Hahaha',1462510209000,1464197252075,0);
/*!40000 ALTER TABLE `message` ENABLE KEYS */;
UNLOCK TABLES;

--
-- Table structure for table `notification`
--

DROP TABLE IF EXISTS `notification`;
/*!40101 SET @saved_cs_client     = @@character_set_client */;
/*!40101 SET character_set_client = utf8 */;
CREATE TABLE `notification` (
  `id` varchar(36) NOT NULL,
  `noti_type` tinyint(1) DEFAULT NULL,
  `course_id` varchar(36) DEFAULT NULL,
  `created_by` varchar(36) DEFAULT NULL,
  `created_at` decimal(13,0) DEFAULT NULL,
  PRIMARY KEY (`id`)
) ENGINE=InnoDB DEFAULT CHARSET=utf8;
/*!40101 SET character_set_client = @saved_cs_client */;

--
-- Dumping data for table `notification`
--

LOCK TABLES `notification` WRITE;
/*!40000 ALTER TABLE `notification` DISABLE KEYS */;
INSERT INTO `notification` VALUES ('05be63ee-2b98-11e6-9234-0123456789ab',1,'d402fe7e-23b2-11e6-9234-0123456789ab','915cf7de-232e-11e6-9234-0123456789ab',1465184261276),('068258ee-1abd-11e6-9234-0123456789ab',0,'0630dd8e-1abd-11e6-9234-0123456789ab','wl1',1463330984172),('0e84979e-2bc7-11e6-9234-0123456789ab',0,'0e560d8e-2bc7-11e6-9234-0123456789ab','915cf7de-232e-11e6-9234-0123456789ab',1465204462343),('2d47462e-1abd-11e6-9234-0123456789ab',0,'2d401a3e-1abd-11e6-9234-0123456789ab','wl1',1463331049217),('2dead47e-2355-11e6-9234-0123456789ab',0,'2ddf14ae-2355-11e6-9234-0123456789ab','915cf7de-232e-11e6-9234-0123456789ab',1464275943093),('452a965e-2b9a-11e6-9234-0123456789ab',0,'4518e31e-2b9a-11e6-9234-0123456789ab','915cf7de-232e-11e6-9234-0123456789ab',1465185226675),('48f82e3e-2b9c-11e6-9234-0123456789ab',0,'48eb5cfe-2b9c-11e6-9234-0123456789ab','915cf7de-232e-11e6-9234-0123456789ab',1465186092049),('4d6396ae-2230-11e6-9234-0123456789ab',0,'4cd2a14e-2230-11e6-9234-0123456789ab','wl1',1464150153352),('4e762e0e-2bc6-11e6-9234-0123456789ab',0,'4e6b318e-2bc6-11e6-9234-0123456789ab','e8d99ffe-232d-11e6-9234-0123456789ab',1465204140126),('6739c6ee-2b9e-11e6-9234-0123456789ab',1,'e583ab9e-2b9b-11e6-9234-0123456789ab','915cf7de-232e-11e6-9234-0123456789ab',1465187001804),('716ee6fe-2b98-11e6-9234-0123456789ab',0,'715fa4be-2b98-11e6-9234-0123456789ab','915cf7de-232e-11e6-9234-0123456789ab',1465184441949),('7227380e-1b11-11e6-9234-0123456789ab',0,'7175e96e-1b11-11e6-9234-0123456789ab','wl1',1463367242494),('83bd2b0e-1ffe-11e6-9234-0123456789ab',1,'d16cd1ee-1aac-11e6-9234-0123456789ab','wl1',1463908867374),('95f6bdbe-234e-11e6-9234-0123456789ab',1,'4cd2a14e-2230-11e6-9234-0123456789ab','915cf7de-232e-11e6-9234-0123456789ab',1464273111177),('a47a3bce-23b5-11e6-9234-0123456789ab',1,'d402fe7e-23b2-11e6-9234-0123456789ab','wl1',1464317373690),('a9c6907e-1ffe-11e6-9234-0123456789ab',1,'d16cd1ee-1aac-11e6-9234-0123456789ab','wl1',1463908931189),('acdb8f5e-21c4-11e6-9234-0123456789ab',0,'ac721f2e-21c4-11e6-9234-0123456789ab','wl2',1464103927875),('b06fad6e-2b9a-11e6-9234-0123456789ab',0,'b05dfa2e-2b9a-11e6-9234-0123456789ab','e8d99ffe-232d-11e6-9234-0123456789ab',1465185406644),('b8fa3f0e-2bc6-11e6-9234-0123456789ab',1,'4e6b318e-2bc6-11e6-9234-0123456789ab','915cf7de-232e-11e6-9234-0123456789ab',1465204318830),('cbb021fe-2bc6-11e6-9234-0123456789ab',0,'cba4140e-2bc6-11e6-9234-0123456789ab','e8d99ffe-232d-11e6-9234-0123456789ab',1465204350221),('d17ed34e-1aac-11e6-9234-0123456789ab',0,'d16cd1ee-1aac-11e6-9234-0123456789ab','wl2',1463324023282),('d464a67e-23b2-11e6-9234-0123456789ab',0,'d402fe7e-23b2-11e6-9234-0123456789ab','e8d99ffe-232d-11e6-9234-0123456789ab',1464316165589),('dbfa8c3e-234c-11e6-9234-0123456789ab',1,'4cd2a14e-2230-11e6-9234-0123456789ab','915cf7de-232e-11e6-9234-0123456789ab',1464272369649),('dd18130e-2bc4-11e6-9234-0123456789ab',0,'dce9b00e-2bc4-11e6-9234-0123456789ab','e8d99ffe-232d-11e6-9234-0123456789ab',1465203520430),('e5af286e-2b9b-11e6-9234-0123456789ab',0,'e583ab9e-2b9b-11e6-9234-0123456789ab','e8d99ffe-232d-11e6-9234-0123456789ab',1465185925476),('ef8c409e-2b99-11e6-9234-0123456789ab',0,'ef8785ae-2b99-11e6-9234-0123456789ab','e8d99ffe-232d-11e6-9234-0123456789ab',1465185083031),('f6ba015e-2bc5-11e6-9234-0123456789ab',1,'dce9b00e-2bc4-11e6-9234-0123456789ab','915cf7de-232e-11e6-9234-0123456789ab',1465203992931),('f940621e-2b99-11e6-9234-0123456789ab',1,'ef8785ae-2b99-11e6-9234-0123456789ab','915cf7de-232e-11e6-9234-0123456789ab',1465185099311);
/*!40000 ALTER TABLE `notification` ENABLE KEYS */;
UNLOCK TABLES;

--
-- Table structure for table `notification_detail`
--

DROP TABLE IF EXISTS `notification_detail`;
/*!40101 SET @saved_cs_client     = @@character_set_client */;
/*!40101 SET character_set_client = utf8 */;
CREATE TABLE `notification_detail` (
  `notification_id` varchar(36) DEFAULT NULL,
  `to_user_id` varchar(36) DEFAULT NULL,
  `created_at` decimal(13,0) DEFAULT NULL,
  `status` tinyint(1) DEFAULT '0' COMMENT '0: unread\n1: read',
  KEY `fk_notification_detail_notification_idx` (`notification_id`),
  KEY `fk_notification_detail_profile_idx` (`to_user_id`)
) ENGINE=InnoDB DEFAULT CHARSET=utf8;
/*!40101 SET character_set_client = @saved_cs_client */;

--
-- Dumping data for table `notification_detail`
--

LOCK TABLES `notification_detail` WRITE;
/*!40000 ALTER TABLE `notification_detail` DISABLE KEYS */;
INSERT INTO `notification_detail` VALUES ('068258ee-1abd-11e6-9234-0123456789ab','wl2',1463330984208,1),('068258ee-1abd-11e6-9234-0123456789ab','7317ad2e-f3ee-11e5-9234-0123456789ab',1463330984207,0),('068258ee-1abd-11e6-9234-0123456789ab','wl3',1463330984209,0),('83bd2b0e-1ffe-11e6-9234-0123456789ab','wl2',1463908867405,1),('a9c6907e-1ffe-11e6-9234-0123456789ab','wl2',1463908931223,1),('4d6396ae-2230-11e6-9234-0123456789ab','7317ad2e-f3ee-11e5-9234-0123456789ab',1464150153377,0),('4d6396ae-2230-11e6-9234-0123456789ab','wl3',1464150153379,0),('4d6396ae-2230-11e6-9234-0123456789ab','wl2',1464150153378,1),('dbfa8c3e-234c-11e6-9234-0123456789ab','wl1',1464272369678,0),('95f6bdbe-234e-11e6-9234-0123456789ab','wl1',1464273111191,0),('2dead47e-2355-11e6-9234-0123456789ab','wl2',1464275943099,0),('2dead47e-2355-11e6-9234-0123456789ab','wl1',1464275943098,0),('d464a67e-23b2-11e6-9234-0123456789ab','7317ad2e-f3ee-11e5-9234-0123456789ab',1464316165609,0),('d464a67e-23b2-11e6-9234-0123456789ab','915cf7de-232e-11e6-9234-0123456789ab',1464316165612,1),('d464a67e-23b2-11e6-9234-0123456789ab','wl1',1464316165612,0),('d464a67e-23b2-11e6-9234-0123456789ab','wl2',1464316165612,0),('d464a67e-23b2-11e6-9234-0123456789ab','wl3',1464316165612,0),('a47a3bce-23b5-11e6-9234-0123456789ab','e8d99ffe-232d-11e6-9234-0123456789ab',1464317373716,1),('05be63ee-2b98-11e6-9234-0123456789ab','e8d99ffe-232d-11e6-9234-0123456789ab',1465184261323,1),('716ee6fe-2b98-11e6-9234-0123456789ab','7317ad2e-f3ee-11e5-9234-0123456789ab',1465184441964,0),('716ee6fe-2b98-11e6-9234-0123456789ab','e8d99ffe-232d-11e6-9234-0123456789ab',1465184441964,1),('716ee6fe-2b98-11e6-9234-0123456789ab','wl1',1465184441964,0),('716ee6fe-2b98-11e6-9234-0123456789ab','wl2',1465184441964,0),('716ee6fe-2b98-11e6-9234-0123456789ab','wl3',1465184441964,0),('ef8c409e-2b99-11e6-9234-0123456789ab','7317ad2e-f3ee-11e5-9234-0123456789ab',1465185083047,0),('ef8c409e-2b99-11e6-9234-0123456789ab','915cf7de-232e-11e6-9234-0123456789ab',1465185083047,1),('ef8c409e-2b99-11e6-9234-0123456789ab','wl1',1465185083047,0),('ef8c409e-2b99-11e6-9234-0123456789ab','wl2',1465185083047,0),('ef8c409e-2b99-11e6-9234-0123456789ab','wl3',1465185083047,0),('f940621e-2b99-11e6-9234-0123456789ab','e8d99ffe-232d-11e6-9234-0123456789ab',1465185099327,0),('452a965e-2b9a-11e6-9234-0123456789ab','7317ad2e-f3ee-11e5-9234-0123456789ab',1465185226691,0),('452a965e-2b9a-11e6-9234-0123456789ab','e8d99ffe-232d-11e6-9234-0123456789ab',1465185226691,0),('452a965e-2b9a-11e6-9234-0123456789ab','wl1',1465185226691,0),('452a965e-2b9a-11e6-9234-0123456789ab','wl2',1465185226691,0),('452a965e-2b9a-11e6-9234-0123456789ab','wl3',1465185226691,0),('b06fad6e-2b9a-11e6-9234-0123456789ab','7317ad2e-f3ee-11e5-9234-0123456789ab',1465185406659,0),('b06fad6e-2b9a-11e6-9234-0123456789ab','915cf7de-232e-11e6-9234-0123456789ab',1465185406659,1),('b06fad6e-2b9a-11e6-9234-0123456789ab','wl1',1465185406659,0),('b06fad6e-2b9a-11e6-9234-0123456789ab','wl2',1465185406659,0),('e5af286e-2b9b-11e6-9234-0123456789ab','7317ad2e-f3ee-11e5-9234-0123456789ab',1465185925476,0),('e5af286e-2b9b-11e6-9234-0123456789ab','915cf7de-232e-11e6-9234-0123456789ab',1465185925492,1),('e5af286e-2b9b-11e6-9234-0123456789ab','wl1',1465185925492,0),('e5af286e-2b9b-11e6-9234-0123456789ab','wl2',1465185925492,0),('e5af286e-2b9b-11e6-9234-0123456789ab','wl3',1465185925492,0),('48f82e3e-2b9c-11e6-9234-0123456789ab','7317ad2e-f3ee-11e5-9234-0123456789ab',1465186092049,0),('48f82e3e-2b9c-11e6-9234-0123456789ab','e8d99ffe-232d-11e6-9234-0123456789ab',1465186092049,0),('48f82e3e-2b9c-11e6-9234-0123456789ab','wl1',1465186092064,0),('48f82e3e-2b9c-11e6-9234-0123456789ab','wl2',1465186092064,0),('48f82e3e-2b9c-11e6-9234-0123456789ab','wl3',1465186092064,0),('6739c6ee-2b9e-11e6-9234-0123456789ab','e8d99ffe-232d-11e6-9234-0123456789ab',1465187001820,0),('dd18130e-2bc4-11e6-9234-0123456789ab','7317ad2e-f3ee-11e5-9234-0123456789ab',1465203520436,0),('dd18130e-2bc4-11e6-9234-0123456789ab','915cf7de-232e-11e6-9234-0123456789ab',1465203520437,0),('dd18130e-2bc4-11e6-9234-0123456789ab','wl1',1465203520437,0),('dd18130e-2bc4-11e6-9234-0123456789ab','wl2',1465203520437,0),('dd18130e-2bc4-11e6-9234-0123456789ab','wl3',1465203520437,0),('f6ba015e-2bc5-11e6-9234-0123456789ab','e8d99ffe-232d-11e6-9234-0123456789ab',1465203992931,0),('4e762e0e-2bc6-11e6-9234-0123456789ab','7317ad2e-f3ee-11e5-9234-0123456789ab',1465204140145,0),('4e762e0e-2bc6-11e6-9234-0123456789ab','915cf7de-232e-11e6-9234-0123456789ab',1465204140145,0),('4e762e0e-2bc6-11e6-9234-0123456789ab','wl1',1465204140146,0),('4e762e0e-2bc6-11e6-9234-0123456789ab','wl3',1465204140146,0),('4e762e0e-2bc6-11e6-9234-0123456789ab','wl2',1465204140146,0),('b8fa3f0e-2bc6-11e6-9234-0123456789ab','e8d99ffe-232d-11e6-9234-0123456789ab',1465204318850,0),('cbb021fe-2bc6-11e6-9234-0123456789ab','7317ad2e-f3ee-11e5-9234-0123456789ab',1465204350221,0),('cbb021fe-2bc6-11e6-9234-0123456789ab','915cf7de-232e-11e6-9234-0123456789ab',1465204350221,0),('cbb021fe-2bc6-11e6-9234-0123456789ab','wl1',1465204350221,0),('cbb021fe-2bc6-11e6-9234-0123456789ab','wl2',1465204350221,0),('cbb021fe-2bc6-11e6-9234-0123456789ab','wl3',1465204350221,0),('0e84979e-2bc7-11e6-9234-0123456789ab','7317ad2e-f3ee-11e5-9234-0123456789ab',1465204462364,0),('0e84979e-2bc7-11e6-9234-0123456789ab','e8d99ffe-232d-11e6-9234-0123456789ab',1465204462365,0),('0e84979e-2bc7-11e6-9234-0123456789ab','wl1',1465204462365,0),('0e84979e-2bc7-11e6-9234-0123456789ab','wl2',1465204462365,0);
/*!40000 ALTER TABLE `notification_detail` ENABLE KEYS */;
UNLOCK TABLES;

--
-- Table structure for table `popular_hashtag`
--

DROP TABLE IF EXISTS `popular_hashtag`;
/*!40101 SET @saved_cs_client     = @@character_set_client */;
/*!40101 SET character_set_client = utf8 */;
CREATE TABLE `popular_hashtag` (
  `id` varchar(36) NOT NULL,
  PRIMARY KEY (`id`)
) ENGINE=InnoDB DEFAULT CHARSET=utf8;
/*!40101 SET character_set_client = @saved_cs_client */;

--
-- Dumping data for table `popular_hashtag`
--

LOCK TABLES `popular_hashtag` WRITE;
/*!40000 ALTER TABLE `popular_hashtag` DISABLE KEYS */;
INSERT INTO `popular_hashtag` VALUES ('0bb03d8e-f111-11e5-9234-0123456789ab'),('0bb19d1e-f111-11e5-9234-0123456789ab'),('0bb2395e-f111-11e5-9234-0123456789ab'),('103a603e-16c6-11e6-9234-0123456789ab'),('fb72230e-0c88-11e6-9234-0123456789ab');
/*!40000 ALTER TABLE `popular_hashtag` ENABLE KEYS */;
UNLOCK TABLES;

--
-- Table structure for table `profile`
--

DROP TABLE IF EXISTS `profile`;
/*!40101 SET @saved_cs_client     = @@character_set_client */;
/*!40101 SET character_set_client = utf8 */;
CREATE TABLE `profile` (
  `user_id` varchar(36) NOT NULL,
  `rate_average` float DEFAULT NULL,
  `name` varchar(45) DEFAULT NULL,
  `age` int(11) DEFAULT NULL,
  `address` text,
  `infor` text,
  `avatar_url` text,
  `phone` varchar(15) DEFAULT NULL,
  `gender` tinyint(1) DEFAULT '0' COMMENT '0: Male\n1: Femal',
  `lat` varchar(45) DEFAULT NULL,
  `lng` varchar(45) DEFAULT NULL,
  `created_at` decimal(13,0) DEFAULT NULL,
  `updated_at` decimal(13,0) DEFAULT NULL,
  PRIMARY KEY (`user_id`),
  UNIQUE KEY `wallet_id_UNIQUE` (`user_id`),
  KEY `fk_wallet_profile_idx` (`user_id`),
  CONSTRAINT `fk_profile_user` FOREIGN KEY (`user_id`) REFERENCES `user` (`id`) ON DELETE CASCADE ON UPDATE CASCADE
) ENGINE=InnoDB DEFAULT CHARSET=utf8;
/*!40101 SET character_set_client = @saved_cs_client */;

--
-- Dumping data for table `profile`
--

LOCK TABLES `profile` WRITE;
/*!40000 ALTER TABLE `profile` DISABLE KEYS */;
INSERT INTO `profile` VALUES ('607f41ae-1ffe-11e6-9234-0123456789ab',0,'Huỳnh Bảo Hoa',18,NULL,'Sinh viên loại giỏi tại ĐH Bách Khoa','http://2.i.baomoi.xdn.vn/15/04/28/203/16498357/6.jpg','0935329982',1,NULL,NULL,1463908808504,1463908808504),('915cf7de-232e-11e6-9234-0123456789ab',NULL,'Duyên Hồ Thị Thanh',23,'125 Trần Phú, Đà Nẵng, Da Nang, Vietnam','có 2 năm kinh nghiệm làm gia sư','https://scontent.xx.fbcdn.net/v/t1.0-1/p200x200/12417759_489605881225461_9002794609331168439_n.jpg?oh=0d7cc6a34a9755f36c3ceb7c59693157&oe=57CE7813','',1,'16.067637','108.223821',1464259359563,1465184233121),('e8d99ffe-232d-11e6-9234-0123456789ab',2.5,'Hồ Đắc Hợp',23,'125 Đặng Huy Trứ, Liên Chiểu, Đà Nẵng, Vietnam','Co 2 năm kinh nghiệm làm gia sư','https://scontent.xx.fbcdn.net/v/t1.0-1/p200x200/10422538_689247737852488_4638430150661295838_n.jpg?oh=82658119845e460ab82fcd1e75639ee0&oe=57E0BFCD','0935864542',0,'16.08033','108.1588474',1464259076845,1464315125814),('wl1',0,'Ánh Tuyết',20,'125 Nguyễn Văn Linh, Da Nang, Vietnam','Nhận dạy kèm cho cấp 1 và 2. Tính tình hòa đồng, vui vẻ','https://scontent-sit4-1.xx.fbcdn.net/v/t1.0-1/13173809_978789618907523_5643257349272245615_n.jpg?oh=a769b4ac553615b19eb8cd01d7dfb2b1&oe=57D43962','0935864542',1,'16.060001','108.212754',1458748691729,1464316248400),('wl2',0,'Như Quỳnh Hoa',19,'190 Hoàng Diệu, Da Nang, Vietnam','Đang học tại ĐH Kinh Tế','http://vietcool.net/wp-content/uploads/2013/03/hinh-anh-dep1802.jpg','028392729',1,'16.0502326','108.2182027',1458748619148,1464103265271),('wl3',0,'Quốc Hải',20,'125 Tôn Thất Tùng, Đà Nẵng, Việt Nam','Có 1 năm kinh nghiệm dạy kèm','http://a9.vietbao.vn/images/vn999/165/2015/07/20150706-nhung-hot-boy-viet-dep-trai-nhu-tai-tu-hop-hon-phai-nu-7.jpg','0925426725',0,'16.087174','108.236084',1458748666895,1458748666895);
/*!40000 ALTER TABLE `profile` ENABLE KEYS */;
UNLOCK TABLES;

--
-- Table structure for table `review`
--

DROP TABLE IF EXISTS `review`;
/*!40101 SET @saved_cs_client     = @@character_set_client */;
/*!40101 SET character_set_client = utf8 */;
CREATE TABLE `review` (
  `id` varchar(36) NOT NULL,
  `reviewer_id` varchar(36) DEFAULT NULL,
  `to_user_id` varchar(36) DEFAULT NULL,
  `rate` float DEFAULT NULL,
  `comment` text,
  `created_at` decimal(13,0) DEFAULT NULL,
  `updated_at` decimal(13,0) DEFAULT NULL,
  PRIMARY KEY (`id`),
  KEY `fk_review_profile_idx` (`reviewer_id`),
  KEY `fk_review_profile_to_wallet_idx` (`to_user_id`)
) ENGINE=InnoDB DEFAULT CHARSET=utf8;
/*!40101 SET character_set_client = @saved_cs_client */;

--
-- Dumping data for table `review`
--

LOCK TABLES `review` WRITE;
/*!40000 ALTER TABLE `review` DISABLE KEYS */;
INSERT INTO `review` VALUES ('d028277e-2bc4-11e6-9234-0123456789ab','915cf7de-232e-11e6-9234-0123456789ab','e8d99ffe-232d-11e6-9234-0123456789ab',5,'dạy tốt',1465203498725,1465203498725);
/*!40000 ALTER TABLE `review` ENABLE KEYS */;
UNLOCK TABLES;

--
-- Table structure for table `user`
--

DROP TABLE IF EXISTS `user`;
/*!40101 SET @saved_cs_client     = @@character_set_client */;
/*!40101 SET character_set_client = utf8 */;
CREATE TABLE `user` (
  `id` varchar(36) NOT NULL,
  `user_name` varchar(250) DEFAULT NULL,
  `password` varchar(250) DEFAULT NULL,
  `email` varchar(45) DEFAULT NULL,
  `account_type` tinyint(1) DEFAULT '0',
  `created_at` decimal(13,0) DEFAULT NULL,
  `updated_at` decimal(13,0) DEFAULT NULL,
  `status` tinyint(1) DEFAULT '0' COMMENT '0: Not Activated\n1: Activated\n2. Blocked\n3. Destroyed',
  PRIMARY KEY (`id`),
  UNIQUE KEY `user_name_UNIQUE` (`user_name`),
  UNIQUE KEY `email_UNIQUE` (`email`)
) ENGINE=InnoDB DEFAULT CHARSET=utf8;
/*!40101 SET character_set_client = @saved_cs_client */;

--
-- Dumping data for table `user`
--

LOCK TABLES `user` WRITE;
/*!40000 ALTER TABLE `user` DISABLE KEYS */;
INSERT INTO `user` VALUES ('607f41ae-1ffe-11e6-9234-0123456789ab','hop5','$2a$10$/msQVxeWc6mPJHavf/11JORyE21tMontrhNI2oZQu9O3jF/7LD/7u','hodachop@gmail.com',0,1463908808504,1463908808504,1),('915cf7de-232e-11e6-9234-0123456789ab','514197878766261',NULL,'hothithanhduyen2000@gmail.com',0,1464259359563,1464259359563,1),('e8d99ffe-232d-11e6-9234-0123456789ab','907789325998327',NULL,'hodachop93@gmail.com',0,1464259076845,1464259076846,1),('wl1','hop1','$2a$10$/msQVxeWc6mPJHavf/11JORyE21tMontrhNI2oZQu9O3jF/7LD/7u','anhtuyet90@gmail.com',0,1458748691729,1458748691729,1),('wl2','hop2','$2a$10$/msQVxeWc6mPJHavf/11JORyE21tMontrhNI2oZQu9O3jF/7LD/7u','quynhhoa@outlook.com',0,1458748666895,1459064189385,1),('wl3','hop3','$2a$10$/msQVxeWc6mPJHavf/11JORyE21tMontrhNI2oZQu9O3jF/7LD/7u','quochai93@gmail.com',0,1458748691729,1459064189385,1);
/*!40000 ALTER TABLE `user` ENABLE KEYS */;
UNLOCK TABLES;

--
-- Table structure for table `user_hashtag`
--

DROP TABLE IF EXISTS `user_hashtag`;
/*!40101 SET @saved_cs_client     = @@character_set_client */;
/*!40101 SET character_set_client = utf8 */;
CREATE TABLE `user_hashtag` (
  `hashtag_id` varchar(36) NOT NULL,
  `user_id` varchar(36) CHARACTER SET dec8 NOT NULL,
  `created_at` decimal(13,0) DEFAULT NULL,
  `updated_at` decimal(13,0) DEFAULT NULL,
  PRIMARY KEY (`hashtag_id`,`user_id`),
  KEY `fk_hashtag_has_wallet_wallet1_idx` (`user_id`),
  KEY `fk_hashtag_has_wallet_hashtag1_idx` (`hashtag_id`)
) ENGINE=InnoDB DEFAULT CHARSET=utf8;
/*!40101 SET character_set_client = @saved_cs_client */;

--
-- Dumping data for table `user_hashtag`
--

LOCK TABLES `user_hashtag` WRITE;
/*!40000 ALTER TABLE `user_hashtag` DISABLE KEYS */;
INSERT INTO `user_hashtag` VALUES ('0bb03d8e-f111-11e5-9234-0123456789ab','7317ad2e-f3ee-11e5-9234-0123456789ab',1463330739791,1463330739791),('0bb03d8e-f111-11e5-9234-0123456789ab','915cf7de-232e-11e6-9234-0123456789ab',1465184233167,1465184233167),('0bb03d8e-f111-11e5-9234-0123456789ab','e8d99ffe-232d-11e6-9234-0123456789ab',1464315125909,1464315125909),('0bb03d8e-f111-11e5-9234-0123456789ab','wl1',1464316248434,1464316248434),('0bb03d8e-f111-11e5-9234-0123456789ab','wl2',1464103265312,1464103265312),('0bb03d8e-f111-11e5-9234-0123456789ab','wl3',NULL,NULL),('0bb19d1e-f111-11e5-9234-0123456789ab','7317ad2e-f3ee-11e5-9234-0123456789ab',1463330739822,1463330739822),('0bb19d1e-f111-11e5-9234-0123456789ab','915cf7de-232e-11e6-9234-0123456789ab',1465184233215,1465184233215),('0bb19d1e-f111-11e5-9234-0123456789ab','e8d99ffe-232d-11e6-9234-0123456789ab',1464315126083,1464315126083),('0bb19d1e-f111-11e5-9234-0123456789ab','wl1',1464316248461,1464316248461),('0bb19d1e-f111-11e5-9234-0123456789ab','wl2',1464103265329,1464103265329),('0bb2395e-f111-11e5-9234-0123456789ab','7317ad2e-f3ee-11e5-9234-0123456789ab',1463330739844,1463330739844),('0bb2395e-f111-11e5-9234-0123456789ab','915cf7de-232e-11e6-9234-0123456789ab',1465184233220,1465184233220),('0bb2395e-f111-11e5-9234-0123456789ab','e8d99ffe-232d-11e6-9234-0123456789ab',1464315126111,1464315126111),('0bb2395e-f111-11e5-9234-0123456789ab','wl1',1464316248489,1464316248489),('0bb2395e-f111-11e5-9234-0123456789ab','wl2',1464103265345,1464103265345),('103a603e-16c6-11e6-9234-0123456789ab','wl1',1464316248515,1464316248515),('103a603e-16c6-11e6-9234-0123456789ab','wl2',1464103265357,1464103265357),('21f8b58e-21c3-11e6-9234-0123456789ab','wl2',1464103265378,1464103265378),('8af8f26e-2b97-11e6-9234-0123456789ab','915cf7de-232e-11e6-9234-0123456789ab',1465184233236,1465184233236);
/*!40000 ALTER TABLE `user_hashtag` ENABLE KEYS */;
UNLOCK TABLES;
/*!40103 SET TIME_ZONE=@OLD_TIME_ZONE */;

/*!40101 SET SQL_MODE=@OLD_SQL_MODE */;
/*!40014 SET FOREIGN_KEY_CHECKS=@OLD_FOREIGN_KEY_CHECKS */;
/*!40014 SET UNIQUE_CHECKS=@OLD_UNIQUE_CHECKS */;
/*!40101 SET CHARACTER_SET_CLIENT=@OLD_CHARACTER_SET_CLIENT */;
/*!40101 SET CHARACTER_SET_RESULTS=@OLD_CHARACTER_SET_RESULTS */;
/*!40101 SET COLLATION_CONNECTION=@OLD_COLLATION_CONNECTION */;
/*!40111 SET SQL_NOTES=@OLD_SQL_NOTES */;

-- Dump completed on 2016-06-07  9:56:03
